{
  "ABIRoot": {
    "kind": "Root",
    "name": "TopLevel",
    "printedName": "TopLevel",
    "children": [
      {
        "kind": "Import",
        "name": "Foundation",
        "printedName": "Foundation",
        "declKind": "Import",
        "moduleName": "HttpDNS",
        "declAttributes": [
          "RawDocComment"
        ]
      },
      {
        "kind": "Import",
        "name": "Alamofire",
        "printedName": "Alamofire",
        "declKind": "Import",
        "moduleName": "HttpDNS"
      },
      {
        "kind": "Import",
        "name": "Foundation",
        "printedName": "Foundation",
        "declKind": "Import",
        "moduleName": "HttpDNS",
        "declAttributes": [
          "RawDocComment"
        ]
      },
      {
        "kind": "TypeDecl",
        "name": "DNSInfo",
        "printedName": "DNSInfo",
        "children": [
          {
            "kind": "Var",
            "name": "domain",
            "printedName": "domain",
            "children": [
              {
                "kind": "TypeNominal",
                "name": "String",
                "printedName": "Swift.String",
                "usr": "s:SS"
              }
            ],
            "declKind": "Var",
            "usr": "s:7HttpDNS7DNSInfoV6domainSSvp",
            "mangledName": "$s7HttpDNS7DNSInfoV6domainSSvp",
            "moduleName": "HttpDNS",
            "declAttributes": [
              "HasStorage",
              "AccessControl"
            ],
            "hasStorage": true,
            "accessors": [
              {
                "kind": "Accessor",
                "name": "Get",
                "printedName": "Get()",
                "children": [
                  {
                    "kind": "TypeNominal",
                    "name": "String",
                    "printedName": "Swift.String",
                    "usr": "s:SS"
                  }
                ],
                "declKind": "Accessor",
                "usr": "s:7HttpDNS7DNSInfoV6domainSSvg",
                "mangledName": "$s7HttpDNS7DNSInfoV6domainSSvg",
                "moduleName": "HttpDNS",
                "implicit": true,
                "accessorKind": "get"
              },
              {
                "kind": "Accessor",
                "name": "Set",
                "printedName": "Set()",
                "children": [
                  {
                    "kind": "TypeNominal",
                    "name": "Void",
                    "printedName": "()"
                  },
                  {
                    "kind": "TypeNominal",
                    "name": "String",
                    "printedName": "Swift.String",
                    "usr": "s:SS"
                  }
                ],
                "declKind": "Accessor",
                "usr": "s:7HttpDNS7DNSInfoV6domainSSvs",
                "mangledName": "$s7HttpDNS7DNSInfoV6domainSSvs",
                "moduleName": "HttpDNS",
                "implicit": true,
                "accessorKind": "set"
              },
              {
                "kind": "Accessor",
                "name": "Modify",
                "printedName": "Modify()",
                "children": [
                  {
                    "kind": "TypeNominal",
                    "name": "Void",
                    "printedName": "()"
                  }
                ],
                "declKind": "Accessor",
                "usr": "s:7HttpDNS7DNSInfoV6domainSSvM",
                "mangledName": "$s7HttpDNS7DNSInfoV6domainSSvM",
                "moduleName": "HttpDNS",
                "implicit": true,
                "accessorKind": "_modify"
              }
            ]
          },
          {
            "kind": "Var",
            "name": "ips",
            "printedName": "ips",
            "children": [
              {
                "kind": "TypeNominal",
                "name": "Array",
                "printedName": "[Swift.String]",
                "children": [
                  {
                    "kind": "TypeNominal",
                    "name": "String",
                    "printedName": "Swift.String",
                    "usr": "s:SS"
                  }
                ],
                "usr": "s:Sa"
              }
            ],
            "declKind": "Var",
            "usr": "s:7HttpDNS7DNSInfoV3ipsSaySSGvp",
            "mangledName": "$s7HttpDNS7DNSInfoV3ipsSaySSGvp",
            "moduleName": "HttpDNS",
            "declAttributes": [
              "HasStorage",
              "AccessControl"
            ],
            "hasStorage": true,
            "accessors": [
              {
                "kind": "Accessor",
                "name": "Get",
                "printedName": "Get()",
                "children": [
                  {
                    "kind": "TypeNominal",
                    "name": "Array",
                    "printedName": "[Swift.String]",
                    "children": [
                      {
                        "kind": "TypeNominal",
                        "name": "String",
                        "printedName": "Swift.String",
                        "usr": "s:SS"
                      }
                    ],
                    "usr": "s:Sa"
                  }
                ],
                "declKind": "Accessor",
                "usr": "s:7HttpDNS7DNSInfoV3ipsSaySSGvg",
                "mangledName": "$s7HttpDNS7DNSInfoV3ipsSaySSGvg",
                "moduleName": "HttpDNS",
                "implicit": true,
                "accessorKind": "get"
              },
              {
                "kind": "Accessor",
                "name": "Set",
                "printedName": "Set()",
                "children": [
                  {
                    "kind": "TypeNominal",
                    "name": "Void",
                    "printedName": "()"
                  },
                  {
                    "kind": "TypeNominal",
                    "name": "Array",
                    "printedName": "[Swift.String]",
                    "children": [
                      {
                        "kind": "TypeNominal",
                        "name": "String",
                        "printedName": "Swift.String",
                        "usr": "s:SS"
                      }
                    ],
                    "usr": "s:Sa"
                  }
                ],
                "declKind": "Accessor",
                "usr": "s:7HttpDNS7DNSInfoV3ipsSaySSGvs",
                "mangledName": "$s7HttpDNS7DNSInfoV3ipsSaySSGvs",
                "moduleName": "HttpDNS",
                "implicit": true,
                "accessorKind": "set"
              },
              {
                "kind": "Accessor",
                "name": "Modify",
                "printedName": "Modify()",
                "children": [
                  {
                    "kind": "TypeNominal",
                    "name": "Void",
                    "printedName": "()"
                  }
                ],
                "declKind": "Accessor",
                "usr": "s:7HttpDNS7DNSInfoV3ipsSaySSGvM",
                "mangledName": "$s7HttpDNS7DNSInfoV3ipsSaySSGvM",
                "moduleName": "HttpDNS",
                "implicit": true,
                "accessorKind": "_modify"
              }
            ]
          },
          {
            "kind": "Var",
            "name": "ip6s",
            "printedName": "ip6s",
            "children": [
              {
                "kind": "TypeNominal",
                "name": "Array",
                "printedName": "[Swift.String]",
                "children": [
                  {
                    "kind": "TypeNominal",
                    "name": "String",
                    "printedName": "Swift.String",
                    "usr": "s:SS"
                  }
                ],
                "usr": "s:Sa"
              }
            ],
            "declKind": "Var",
            "usr": "s:7HttpDNS7DNSInfoV4ip6sSaySSGvp",
            "mangledName": "$s7HttpDNS7DNSInfoV4ip6sSaySSGvp",
            "moduleName": "HttpDNS",
            "declAttributes": [
              "HasStorage",
              "AccessControl"
            ],
            "hasStorage": true,
            "accessors": [
              {
                "kind": "Accessor",
                "name": "Get",
                "printedName": "Get()",
                "children": [
                  {
                    "kind": "TypeNominal",
                    "name": "Array",
                    "printedName": "[Swift.String]",
                    "children": [
                      {
                        "kind": "TypeNominal",
                        "name": "String",
                        "printedName": "Swift.String",
                        "usr": "s:SS"
                      }
                    ],
                    "usr": "s:Sa"
                  }
                ],
                "declKind": "Accessor",
                "usr": "s:7HttpDNS7DNSInfoV4ip6sSaySSGvg",
                "mangledName": "$s7HttpDNS7DNSInfoV4ip6sSaySSGvg",
                "moduleName": "HttpDNS",
                "implicit": true,
                "accessorKind": "get"
              },
              {
                "kind": "Accessor",
                "name": "Set",
                "printedName": "Set()",
                "children": [
                  {
                    "kind": "TypeNominal",
                    "name": "Void",
                    "printedName": "()"
                  },
                  {
                    "kind": "TypeNominal",
                    "name": "Array",
                    "printedName": "[Swift.String]",
                    "children": [
                      {
                        "kind": "TypeNominal",
                        "name": "String",
                        "printedName": "Swift.String",
                        "usr": "s:SS"
                      }
                    ],
                    "usr": "s:Sa"
                  }
                ],
                "declKind": "Accessor",
                "usr": "s:7HttpDNS7DNSInfoV4ip6sSaySSGvs",
                "mangledName": "$s7HttpDNS7DNSInfoV4ip6sSaySSGvs",
                "moduleName": "HttpDNS",
                "implicit": true,
                "accessorKind": "set"
              },
              {
                "kind": "Accessor",
                "name": "Modify",
                "printedName": "Modify()",
                "children": [
                  {
                    "kind": "TypeNominal",
                    "name": "Void",
                    "printedName": "()"
                  }
                ],
                "declKind": "Accessor",
                "usr": "s:7HttpDNS7DNSInfoV4ip6sSaySSGvM",
                "mangledName": "$s7HttpDNS7DNSInfoV4ip6sSaySSGvM",
                "moduleName": "HttpDNS",
                "implicit": true,
                "accessorKind": "_modify"
              }
            ]
          },
          {
            "kind": "Var",
            "name": "ttl",
            "printedName": "ttl",
            "children": [
              {
                "kind": "TypeNominal",
                "name": "Optional",
                "printedName": "Swift.Int?",
                "children": [
                  {
                    "kind": "TypeNominal",
                    "name": "Int",
                    "printedName": "Swift.Int",
                    "usr": "s:Si"
                  }
                ],
                "usr": "s:Sq"
              }
            ],
            "declKind": "Var",
            "usr": "s:7HttpDNS7DNSInfoV3ttlSiSgvp",
            "mangledName": "$s7HttpDNS7DNSInfoV3ttlSiSgvp",
            "moduleName": "HttpDNS",
            "declAttributes": [
              "HasInitialValue",
              "HasStorage",
              "AccessControl"
            ],
            "hasStorage": true,
            "accessors": [
              {
                "kind": "Accessor",
                "name": "Get",
                "printedName": "Get()",
                "children": [
                  {
                    "kind": "TypeNominal",
                    "name": "Optional",
                    "printedName": "Swift.Int?",
                    "children": [
                      {
                        "kind": "TypeNominal",
                        "name": "Int",
                        "printedName": "Swift.Int",
                        "usr": "s:Si"
                      }
                    ],
                    "usr": "s:Sq"
                  }
                ],
                "declKind": "Accessor",
                "usr": "s:7HttpDNS7DNSInfoV3ttlSiSgvg",
                "mangledName": "$s7HttpDNS7DNSInfoV3ttlSiSgvg",
                "moduleName": "HttpDNS",
                "implicit": true,
                "accessorKind": "get"
              },
              {
                "kind": "Accessor",
                "name": "Set",
                "printedName": "Set()",
                "children": [
                  {
                    "kind": "TypeNominal",
                    "name": "Void",
                    "printedName": "()"
                  },
                  {
                    "kind": "TypeNominal",
                    "name": "Optional",
                    "printedName": "Swift.Int?",
                    "children": [
                      {
                        "kind": "TypeNominal",
                        "name": "Int",
                        "printedName": "Swift.Int",
                        "usr": "s:Si"
                      }
                    ],
                    "usr": "s:Sq"
                  }
                ],
                "declKind": "Accessor",
                "usr": "s:7HttpDNS7DNSInfoV3ttlSiSgvs",
                "mangledName": "$s7HttpDNS7DNSInfoV3ttlSiSgvs",
                "moduleName": "HttpDNS",
                "implicit": true,
                "accessorKind": "set"
              },
              {
                "kind": "Accessor",
                "name": "Modify",
                "printedName": "Modify()",
                "children": [
                  {
                    "kind": "TypeNominal",
                    "name": "Void",
                    "printedName": "()"
                  }
                ],
                "declKind": "Accessor",
                "usr": "s:7HttpDNS7DNSInfoV3ttlSiSgvM",
                "mangledName": "$s7HttpDNS7DNSInfoV3ttlSiSgvM",
                "moduleName": "HttpDNS",
                "implicit": true,
                "accessorKind": "_modify"
              }
            ]
          },
          {
            "kind": "Var",
            "name": "type",
            "printedName": "type",
            "children": [
              {
                "kind": "TypeNominal",
                "name": "Int",
                "printedName": "Swift.Int",
                "usr": "s:Si"
              }
            ],
            "declKind": "Var",
            "usr": "s:7HttpDNS7DNSInfoV4typeSivp",
            "mangledName": "$s7HttpDNS7DNSInfoV4typeSivp",
            "moduleName": "HttpDNS",
            "declAttributes": [
              "HasStorage",
              "AccessControl"
            ],
            "hasStorage": true,
            "accessors": [
              {
                "kind": "Accessor",
                "name": "Get",
                "printedName": "Get()",
                "children": [
                  {
                    "kind": "TypeNominal",
                    "name": "Int",
                    "printedName": "Swift.Int",
                    "usr": "s:Si"
                  }
                ],
                "declKind": "Accessor",
                "usr": "s:7HttpDNS7DNSInfoV4typeSivg",
                "mangledName": "$s7HttpDNS7DNSInfoV4typeSivg",
                "moduleName": "HttpDNS",
                "implicit": true,
                "accessorKind": "get"
              },
              {
                "kind": "Accessor",
                "name": "Set",
                "printedName": "Set()",
                "children": [
                  {
                    "kind": "TypeNominal",
                    "name": "Void",
                    "printedName": "()"
                  },
                  {
                    "kind": "TypeNominal",
                    "name": "Int",
                    "printedName": "Swift.Int",
                    "usr": "s:Si"
                  }
                ],
                "declKind": "Accessor",
                "usr": "s:7HttpDNS7DNSInfoV4typeSivs",
                "mangledName": "$s7HttpDNS7DNSInfoV4typeSivs",
                "moduleName": "HttpDNS",
                "implicit": true,
                "accessorKind": "set"
              },
              {
                "kind": "Accessor",
                "name": "Modify",
                "printedName": "Modify()",
                "children": [
                  {
                    "kind": "TypeNominal",
                    "name": "Void",
                    "printedName": "()"
                  }
                ],
                "declKind": "Accessor",
                "usr": "s:7HttpDNS7DNSInfoV4typeSivM",
                "mangledName": "$s7HttpDNS7DNSInfoV4typeSivM",
                "moduleName": "HttpDNS",
                "implicit": true,
                "accessorKind": "_modify"
              }
            ]
          },
          {
            "kind": "Var",
            "name": "client_ip",
            "printedName": "client_ip",
            "children": [
              {
                "kind": "TypeNominal",
                "name": "Optional",
                "printedName": "Swift.String?",
                "children": [
                  {
                    "kind": "TypeNominal",
                    "name": "String",
                    "printedName": "Swift.String",
                    "usr": "s:SS"
                  }
                ],
                "usr": "s:Sq"
              }
            ],
            "declKind": "Var",
            "usr": "s:7HttpDNS7DNSInfoV9client_ipSSSgvp",
            "mangledName": "$s7HttpDNS7DNSInfoV9client_ipSSSgvp",
            "moduleName": "HttpDNS",
            "declAttributes": [
              "HasInitialValue",
              "HasStorage",
              "AccessControl"
            ],
            "hasStorage": true,
            "accessors": [
              {
                "kind": "Accessor",
                "name": "Get",
                "printedName": "Get()",
                "children": [
                  {
                    "kind": "TypeNominal",
                    "name": "Optional",
                    "printedName": "Swift.String?",
                    "children": [
                      {
                        "kind": "TypeNominal",
                        "name": "String",
                        "printedName": "Swift.String",
                        "usr": "s:SS"
                      }
                    ],
                    "usr": "s:Sq"
                  }
                ],
                "declKind": "Accessor",
                "usr": "s:7HttpDNS7DNSInfoV9client_ipSSSgvg",
                "mangledName": "$s7HttpDNS7DNSInfoV9client_ipSSSgvg",
                "moduleName": "HttpDNS",
                "implicit": true,
                "accessorKind": "get"
              },
              {
                "kind": "Accessor",
                "name": "Set",
                "printedName": "Set()",
                "children": [
                  {
                    "kind": "TypeNominal",
                    "name": "Void",
                    "printedName": "()"
                  },
                  {
                    "kind": "TypeNominal",
                    "name": "Optional",
                    "printedName": "Swift.String?",
                    "children": [
                      {
                        "kind": "TypeNominal",
                        "name": "String",
                        "printedName": "Swift.String",
                        "usr": "s:SS"
                      }
                    ],
                    "usr": "s:Sq"
                  }
                ],
                "declKind": "Accessor",
                "usr": "s:7HttpDNS7DNSInfoV9client_ipSSSgvs",
                "mangledName": "$s7HttpDNS7DNSInfoV9client_ipSSSgvs",
                "moduleName": "HttpDNS",
                "implicit": true,
                "accessorKind": "set"
              },
              {
                "kind": "Accessor",
                "name": "Modify",
                "printedName": "Modify()",
                "children": [
                  {
                    "kind": "TypeNominal",
                    "name": "Void",
                    "printedName": "()"
                  }
                ],
                "declKind": "Accessor",
                "usr": "s:7HttpDNS7DNSInfoV9client_ipSSSgvM",
                "mangledName": "$s7HttpDNS7DNSInfoV9client_ipSSSgvM",
                "moduleName": "HttpDNS",
                "implicit": true,
                "accessorKind": "_modify"
              }
            ]
          },
          {
            "kind": "TypeDecl",
            "name": "CodingKeys",
            "printedName": "CodingKeys",
            "children": [
              {
                "kind": "Var",
                "name": "domain",
                "printedName": "domain",
                "children": [
                  {
                    "kind": "TypeFunc",
                    "name": "Function",
                    "printedName": "(HttpDNS.DNSInfo.CodingKeys.Type) -> HttpDNS.DNSInfo.CodingKeys",
                    "children": [
                      {
                        "kind": "TypeNominal",
                        "name": "CodingKeys",
                        "printedName": "HttpDNS.DNSInfo.CodingKeys",
                        "usr": "s:7HttpDNS7DNSInfoV10CodingKeysO"
                      },
                      {
                        "kind": "TypeNominal",
                        "name": "Metatype",
                        "printedName": "HttpDNS.DNSInfo.CodingKeys.Type",
                        "children": [
                          {
                            "kind": "TypeNominal",
                            "name": "CodingKeys",
                            "printedName": "HttpDNS.DNSInfo.CodingKeys",
                            "usr": "s:7HttpDNS7DNSInfoV10CodingKeysO"
                          }
                        ]
                      }
                    ]
                  }
                ],
                "declKind": "EnumElement",
                "usr": "s:7HttpDNS7DNSInfoV10CodingKeysO6domainyA2EmF",
                "mangledName": "$s7HttpDNS7DNSInfoV10CodingKeysO6domainyA2EmF",
                "moduleName": "HttpDNS"
              },
              {
                "kind": "Var",
                "name": "ips",
                "printedName": "ips",
                "children": [
                  {
                    "kind": "TypeFunc",
                    "name": "Function",
                    "printedName": "(HttpDNS.DNSInfo.CodingKeys.Type) -> HttpDNS.DNSInfo.CodingKeys",
                    "children": [
                      {
                        "kind": "TypeNominal",
                        "name": "CodingKeys",
                        "printedName": "HttpDNS.DNSInfo.CodingKeys",
                        "usr": "s:7HttpDNS7DNSInfoV10CodingKeysO"
                      },
                      {
                        "kind": "TypeNominal",
                        "name": "Metatype",
                        "printedName": "HttpDNS.DNSInfo.CodingKeys.Type",
                        "children": [
                          {
                            "kind": "TypeNominal",
                            "name": "CodingKeys",
                            "printedName": "HttpDNS.DNSInfo.CodingKeys",
                            "usr": "s:7HttpDNS7DNSInfoV10CodingKeysO"
                          }
                        ]
                      }
                    ]
                  }
                ],
                "declKind": "EnumElement",
                "usr": "s:7HttpDNS7DNSInfoV10CodingKeysO3ipsyA2EmF",
                "mangledName": "$s7HttpDNS7DNSInfoV10CodingKeysO3ipsyA2EmF",
                "moduleName": "HttpDNS"
              },
              {
                "kind": "Var",
                "name": "ip6s",
                "printedName": "ip6s",
                "children": [
                  {
                    "kind": "TypeFunc",
                    "name": "Function",
                    "printedName": "(HttpDNS.DNSInfo.CodingKeys.Type) -> HttpDNS.DNSInfo.CodingKeys",
                    "children": [
                      {
                        "kind": "TypeNominal",
                        "name": "CodingKeys",
                        "printedName": "HttpDNS.DNSInfo.CodingKeys",
                        "usr": "s:7HttpDNS7DNSInfoV10CodingKeysO"
                      },
                      {
                        "kind": "TypeNominal",
                        "name": "Metatype",
                        "printedName": "HttpDNS.DNSInfo.CodingKeys.Type",
                        "children": [
                          {
                            "kind": "TypeNominal",
                            "name": "CodingKeys",
                            "printedName": "HttpDNS.DNSInfo.CodingKeys",
                            "usr": "s:7HttpDNS7DNSInfoV10CodingKeysO"
                          }
                        ]
                      }
                    ]
                  }
                ],
                "declKind": "EnumElement",
                "usr": "s:7HttpDNS7DNSInfoV10CodingKeysO4ip6syA2EmF",
                "mangledName": "$s7HttpDNS7DNSInfoV10CodingKeysO4ip6syA2EmF",
                "moduleName": "HttpDNS"
              },
              {
                "kind": "Var",
                "name": "ttl",
                "printedName": "ttl",
                "children": [
                  {
                    "kind": "TypeFunc",
                    "name": "Function",
                    "printedName": "(HttpDNS.DNSInfo.CodingKeys.Type) -> HttpDNS.DNSInfo.CodingKeys",
                    "children": [
                      {
                        "kind": "TypeNominal",
                        "name": "CodingKeys",
                        "printedName": "HttpDNS.DNSInfo.CodingKeys",
                        "usr": "s:7HttpDNS7DNSInfoV10CodingKeysO"
                      },
                      {
                        "kind": "TypeNominal",
                        "name": "Metatype",
                        "printedName": "HttpDNS.DNSInfo.CodingKeys.Type",
                        "children": [
                          {
                            "kind": "TypeNominal",
                            "name": "CodingKeys",
                            "printedName": "HttpDNS.DNSInfo.CodingKeys",
                            "usr": "s:7HttpDNS7DNSInfoV10CodingKeysO"
                          }
                        ]
                      }
                    ]
                  }
                ],
                "declKind": "EnumElement",
                "usr": "s:7HttpDNS7DNSInfoV10CodingKeysO3ttlyA2EmF",
                "mangledName": "$s7HttpDNS7DNSInfoV10CodingKeysO3ttlyA2EmF",
                "moduleName": "HttpDNS"
              },
              {
                "kind": "Var",
                "name": "type",
                "printedName": "type",
                "children": [
                  {
                    "kind": "TypeFunc",
                    "name": "Function",
                    "printedName": "(HttpDNS.DNSInfo.CodingKeys.Type) -> HttpDNS.DNSInfo.CodingKeys",
                    "children": [
                      {
                        "kind": "TypeNominal",
                        "name": "CodingKeys",
                        "printedName": "HttpDNS.DNSInfo.CodingKeys",
                        "usr": "s:7HttpDNS7DNSInfoV10CodingKeysO"
                      },
                      {
                        "kind": "TypeNominal",
                        "name": "Metatype",
                        "printedName": "HttpDNS.DNSInfo.CodingKeys.Type",
                        "children": [
                          {
                            "kind": "TypeNominal",
                            "name": "CodingKeys",
                            "printedName": "HttpDNS.DNSInfo.CodingKeys",
                            "usr": "s:7HttpDNS7DNSInfoV10CodingKeysO"
                          }
                        ]
                      }
                    ]
                  }
                ],
                "declKind": "EnumElement",
                "usr": "s:7HttpDNS7DNSInfoV10CodingKeysO4typeyA2EmF",
                "mangledName": "$s7HttpDNS7DNSInfoV10CodingKeysO4typeyA2EmF",
                "moduleName": "HttpDNS"
              },
              {
                "kind": "Var",
                "name": "client_ip",
                "printedName": "client_ip",
                "children": [
                  {
                    "kind": "TypeFunc",
                    "name": "Function",
                    "printedName": "(HttpDNS.DNSInfo.CodingKeys.Type) -> HttpDNS.DNSInfo.CodingKeys",
                    "children": [
                      {
                        "kind": "TypeNominal",
                        "name": "CodingKeys",
                        "printedName": "HttpDNS.DNSInfo.CodingKeys",
                        "usr": "s:7HttpDNS7DNSInfoV10CodingKeysO"
                      },
                      {
                        "kind": "TypeNominal",
                        "name": "Metatype",
                        "printedName": "HttpDNS.DNSInfo.CodingKeys.Type",
                        "children": [
                          {
                            "kind": "TypeNominal",
                            "name": "CodingKeys",
                            "printedName": "HttpDNS.DNSInfo.CodingKeys",
                            "usr": "s:7HttpDNS7DNSInfoV10CodingKeysO"
                          }
                        ]
                      }
                    ]
                  }
                ],
                "declKind": "EnumElement",
                "usr": "s:7HttpDNS7DNSInfoV10CodingKeysO9client_ipyA2EmF",
                "mangledName": "$s7HttpDNS7DNSInfoV10CodingKeysO9client_ipyA2EmF",
                "moduleName": "HttpDNS"
              },
              {
                "kind": "Constructor",
                "name": "init",
                "printedName": "init(rawValue:)",
                "children": [
                  {
                    "kind": "TypeNominal",
                    "name": "Optional",
                    "printedName": "HttpDNS.DNSInfo.CodingKeys?",
                    "children": [
                      {
                        "kind": "TypeNominal",
                        "name": "CodingKeys",
                        "printedName": "HttpDNS.DNSInfo.CodingKeys",
                        "usr": "s:7HttpDNS7DNSInfoV10CodingKeysO"
                      }
                    ],
                    "usr": "s:Sq"
                  },
                  {
                    "kind": "TypeNominal",
                    "name": "String",
                    "printedName": "Swift.String",
                    "usr": "s:SS"
                  }
                ],
                "declKind": "Constructor",
                "usr": "s:7HttpDNS7DNSInfoV10CodingKeysO8rawValueAESgSS_tcfc",
                "mangledName": "$s7HttpDNS7DNSInfoV10CodingKeysO8rawValueAESgSS_tcfc",
                "moduleName": "HttpDNS",
                "implicit": true,
                "init_kind": "Designated"
              },
              {
                "kind": "Var",
                "name": "rawValue",
                "printedName": "rawValue",
                "children": [
                  {
                    "kind": "TypeNominal",
                    "name": "String",
                    "printedName": "Swift.String",
                    "usr": "s:SS"
                  }
                ],
                "declKind": "Var",
                "usr": "s:7HttpDNS7DNSInfoV10CodingKeysO8rawValueSSvp",
                "mangledName": "$s7HttpDNS7DNSInfoV10CodingKeysO8rawValueSSvp",
                "moduleName": "HttpDNS",
                "implicit": true,
                "accessors": [
                  {
                    "kind": "Accessor",
                    "name": "Get",
                    "printedName": "Get()",
                    "children": [
                      {
                        "kind": "TypeNominal",
                        "name": "String",
                        "printedName": "Swift.String",
                        "usr": "s:SS"
                      }
                    ],
                    "declKind": "Accessor",
                    "usr": "s:7HttpDNS7DNSInfoV10CodingKeysO8rawValueSSvg",
                    "mangledName": "$s7HttpDNS7DNSInfoV10CodingKeysO8rawValueSSvg",
                    "moduleName": "HttpDNS",
                    "implicit": true,
                    "accessorKind": "get"
                  }
                ]
              },
              {
                "kind": "Var",
                "name": "stringValue",
                "printedName": "stringValue",
                "children": [
                  {
                    "kind": "TypeNominal",
                    "name": "String",
                    "printedName": "Swift.String",
                    "usr": "s:SS"
                  }
                ],
                "declKind": "Var",
                "usr": "s:7HttpDNS7DNSInfoV10CodingKeysO11stringValueSSvp",
                "mangledName": "$s7HttpDNS7DNSInfoV10CodingKeysO11stringValueSSvp",
                "moduleName": "HttpDNS",
                "implicit": true,
                "accessors": [
                  {
                    "kind": "Accessor",
                    "name": "Get",
                    "printedName": "Get()",
                    "children": [
                      {
                        "kind": "TypeNominal",
                        "name": "String",
                        "printedName": "Swift.String",
                        "usr": "s:SS"
                      }
                    ],
                    "declKind": "Accessor",
                    "usr": "s:7HttpDNS7DNSInfoV10CodingKeysO11stringValueSSvg",
                    "mangledName": "$s7HttpDNS7DNSInfoV10CodingKeysO11stringValueSSvg",
                    "moduleName": "HttpDNS",
                    "implicit": true,
                    "accessorKind": "get"
                  }
                ]
              },
              {
                "kind": "Constructor",
                "name": "init",
                "printedName": "init(stringValue:)",
                "children": [
                  {
                    "kind": "TypeNominal",
                    "name": "Optional",
                    "printedName": "HttpDNS.DNSInfo.CodingKeys?",
                    "children": [
                      {
                        "kind": "TypeNominal",
                        "name": "CodingKeys",
                        "printedName": "HttpDNS.DNSInfo.CodingKeys",
                        "usr": "s:7HttpDNS7DNSInfoV10CodingKeysO"
                      }
                    ],
                    "usr": "s:Sq"
                  },
                  {
                    "kind": "TypeNominal",
                    "name": "String",
                    "printedName": "Swift.String",
                    "usr": "s:SS"
                  }
                ],
                "declKind": "Constructor",
                "usr": "s:7HttpDNS7DNSInfoV10CodingKeysO11stringValueAESgSS_tcfc",
                "mangledName": "$s7HttpDNS7DNSInfoV10CodingKeysO11stringValueAESgSS_tcfc",
                "moduleName": "HttpDNS",
                "implicit": true,
                "init_kind": "Designated"
              },
              {
                "kind": "Var",
                "name": "intValue",
                "printedName": "intValue",
                "children": [
                  {
                    "kind": "TypeNominal",
                    "name": "Optional",
                    "printedName": "Swift.Int?",
                    "children": [
                      {
                        "kind": "TypeNominal",
                        "name": "Int",
                        "printedName": "Swift.Int",
                        "usr": "s:Si"
                      }
                    ],
                    "usr": "s:Sq"
                  }
                ],
                "declKind": "Var",
                "usr": "s:7HttpDNS7DNSInfoV10CodingKeysO8intValueSiSgvp",
                "mangledName": "$s7HttpDNS7DNSInfoV10CodingKeysO8intValueSiSgvp",
                "moduleName": "HttpDNS",
                "implicit": true,
                "accessors": [
                  {
                    "kind": "Accessor",
                    "name": "Get",
                    "printedName": "Get()",
                    "children": [
                      {
                        "kind": "TypeNominal",
                        "name": "Optional",
                        "printedName": "Swift.Int?",
                        "children": [
                          {
                            "kind": "TypeNominal",
                            "name": "Int",
                            "printedName": "Swift.Int",
                            "usr": "s:Si"
                          }
                        ],
                        "usr": "s:Sq"
                      }
                    ],
                    "declKind": "Accessor",
                    "usr": "s:7HttpDNS7DNSInfoV10CodingKeysO8intValueSiSgvg",
                    "mangledName": "$s7HttpDNS7DNSInfoV10CodingKeysO8intValueSiSgvg",
                    "moduleName": "HttpDNS",
                    "implicit": true,
                    "accessorKind": "get"
                  }
                ]
              },
              {
                "kind": "Constructor",
                "name": "init",
                "printedName": "init(intValue:)",
                "children": [
                  {
                    "kind": "TypeNominal",
                    "name": "Optional",
                    "printedName": "HttpDNS.DNSInfo.CodingKeys?",
                    "children": [
                      {
                        "kind": "TypeNominal",
                        "name": "CodingKeys",
                        "printedName": "HttpDNS.DNSInfo.CodingKeys",
                        "usr": "s:7HttpDNS7DNSInfoV10CodingKeysO"
                      }
                    ],
                    "usr": "s:Sq"
                  },
                  {
                    "kind": "TypeNominal",
                    "name": "Int",
                    "printedName": "Swift.Int",
                    "usr": "s:Si"
                  }
                ],
                "declKind": "Constructor",
                "usr": "s:7HttpDNS7DNSInfoV10CodingKeysO8intValueAESgSi_tcfc",
                "mangledName": "$s7HttpDNS7DNSInfoV10CodingKeysO8intValueAESgSi_tcfc",
                "moduleName": "HttpDNS",
                "implicit": true,
                "init_kind": "Designated"
              }
            ],
            "declKind": "Enum",
            "usr": "s:7HttpDNS7DNSInfoV10CodingKeysO",
            "mangledName": "$s7HttpDNS7DNSInfoV10CodingKeysO",
            "moduleName": "HttpDNS",
            "declAttributes": [
              "AccessControl",
              "RawDocComment"
            ],
            "enumRawTypeName": "String",
            "conformances": [
              {
                "kind": "Conformance",
                "name": "Equatable",
                "printedName": "Equatable",
                "usr": "s:SQ",
                "mangledName": "$sSQ"
              },
              {
                "kind": "Conformance",
                "name": "Hashable",
                "printedName": "Hashable",
                "usr": "s:SH",
                "mangledName": "$sSH"
              },
              {
                "kind": "Conformance",
                "name": "RawRepresentable",
                "printedName": "RawRepresentable",
                "children": [
                  {
                    "kind": "TypeWitness",
                    "name": "RawValue",
                    "printedName": "RawValue",
                    "children": [
                      {
                        "kind": "TypeNominal",
                        "name": "String",
                        "printedName": "Swift.String",
                        "usr": "s:SS"
                      }
                    ]
                  }
                ],
                "usr": "s:SY",
                "mangledName": "$sSY"
              },
              {
                "kind": "Conformance",
                "name": "CodingKey",
                "printedName": "CodingKey",
                "usr": "s:s9CodingKeyP",
                "mangledName": "$ss9CodingKeyP"
              },
              {
                "kind": "Conformance",
                "name": "CustomDebugStringConvertible",
                "printedName": "CustomDebugStringConvertible",
                "usr": "s:s28CustomDebugStringConvertibleP",
                "mangledName": "$ss28CustomDebugStringConvertibleP"
              },
              {
                "kind": "Conformance",
                "name": "CustomStringConvertible",
                "printedName": "CustomStringConvertible",
                "usr": "s:s23CustomStringConvertibleP",
                "mangledName": "$ss23CustomStringConvertibleP"
              },
              {
                "kind": "Conformance",
                "name": "Sendable",
                "printedName": "Sendable",
                "usr": "s:s8SendableP",
                "mangledName": "$ss8SendableP"
              }
            ]
          },
          {
            "kind": "Constructor",
            "name": "init",
            "printedName": "init(from:)",
            "children": [
              {
                "kind": "TypeNominal",
                "name": "DNSInfo",
                "printedName": "HttpDNS.DNSInfo",
                "usr": "s:7HttpDNS7DNSInfoV"
              },
              {
                "kind": "TypeNominal",
                "name": "Decoder",
                "printedName": "any Swift.Decoder",
                "usr": "s:s7DecoderP"
              }
            ],
            "declKind": "Constructor",
            "usr": "s:7HttpDNS7DNSInfoV4fromACs7Decoder_p_tKcfc",
            "mangledName": "$s7HttpDNS7DNSInfoV4fromACs7Decoder_p_tKcfc",
            "moduleName": "HttpDNS",
            "declAttributes": [
              "AccessControl"
            ],
            "throwing": true,
            "init_kind": "Designated"
          },
          {
            "kind": "Function",
            "name": "encode",
            "printedName": "encode(to:)",
            "children": [
              {
                "kind": "TypeNominal",
                "name": "Void",
                "printedName": "()"
              },
              {
                "kind": "TypeNominal",
                "name": "Encoder",
                "printedName": "any Swift.Encoder",
                "usr": "s:s7EncoderP"
              }
            ],
            "declKind": "Func",
            "usr": "s:7HttpDNS7DNSInfoV6encode2toys7Encoder_p_tKF",
            "mangledName": "$s7HttpDNS7DNSInfoV6encode2toys7Encoder_p_tKF",
            "moduleName": "HttpDNS",
            "implicit": true,
            "throwing": true,
            "funcSelfKind": "NonMutating"
          },
          {
            "kind": "Var",
            "name": "globalExpireTime",
            "printedName": "globalExpireTime",
            "children": [
              {
                "kind": "TypeNominal",
                "name": "Double",
                "printedName": "Swift.Double",
                "usr": "s:Sd"
              }
            ],
            "declKind": "Var",
            "usr": "s:7HttpDNS7DNSInfoV16globalExpireTimeSdvpZ",
            "mangledName": "$s7HttpDNS7DNSInfoV16globalExpireTimeSdvpZ",
            "moduleName": "HttpDNS",
            "static": true,
            "declAttributes": [
              "AccessControl"
            ],
            "isFromExtension": true,
            "accessors": [
              {
                "kind": "Accessor",
                "name": "Get",
                "printedName": "Get()",
                "children": [
                  {
                    "kind": "TypeNominal",
                    "name": "Double",
                    "printedName": "Swift.Double",
                    "usr": "s:Sd"
                  }
                ],
                "declKind": "Accessor",
                "usr": "s:7HttpDNS7DNSInfoV16globalExpireTimeSdvgZ",
                "mangledName": "$s7HttpDNS7DNSInfoV16globalExpireTimeSdvgZ",
                "moduleName": "HttpDNS",
                "static": true,
                "isFromExtension": true,
                "accessorKind": "get"
              },
              {
                "kind": "Accessor",
                "name": "Set",
                "printedName": "Set()",
                "children": [
                  {
                    "kind": "TypeNominal",
                    "name": "Void",
                    "printedName": "()"
                  },
                  {
                    "kind": "TypeNominal",
                    "name": "Double",
                    "printedName": "Swift.Double",
                    "usr": "s:Sd"
                  }
                ],
                "declKind": "Accessor",
                "usr": "s:7HttpDNS7DNSInfoV16globalExpireTimeSdvsZ",
                "mangledName": "$s7HttpDNS7DNSInfoV16globalExpireTimeSdvsZ",
                "moduleName": "HttpDNS",
                "static": true,
                "isFromExtension": true,
                "accessorKind": "set"
              },
              {
                "kind": "Accessor",
                "name": "Modify",
                "printedName": "Modify()",
                "children": [
                  {
                    "kind": "TypeNominal",
                    "name": "Void",
                    "printedName": "()"
                  }
                ],
                "declKind": "Accessor",
                "usr": "s:7HttpDNS7DNSInfoV16globalExpireTimeSdvMZ",
                "mangledName": "$s7HttpDNS7DNSInfoV16globalExpireTimeSdvMZ",
                "moduleName": "HttpDNS",
                "static": true,
                "implicit": true,
                "isFromExtension": true,
                "accessorKind": "_modify"
              }
            ]
          },
          {
            "kind": "Var",
            "name": "isExpired",
            "printedName": "isExpired",
            "children": [
              {
                "kind": "TypeNominal",
                "name": "Bool",
                "printedName": "Swift.Bool",
                "usr": "s:Sb"
              }
            ],
            "declKind": "Var",
            "usr": "s:7HttpDNS7DNSInfoV9isExpiredSbvp",
            "mangledName": "$s7HttpDNS7DNSInfoV9isExpiredSbvp",
            "moduleName": "HttpDNS",
            "isFromExtension": true,
            "accessors": [
              {
                "kind": "Accessor",
                "name": "Get",
                "printedName": "Get()",
                "children": [
                  {
                    "kind": "TypeNominal",
                    "name": "Bool",
                    "printedName": "Swift.Bool",
                    "usr": "s:Sb"
                  }
                ],
                "declKind": "Accessor",
                "usr": "s:7HttpDNS7DNSInfoV9isExpiredSbvg",
                "mangledName": "$s7HttpDNS7DNSInfoV9isExpiredSbvg",
                "moduleName": "HttpDNS",
                "isFromExtension": true,
                "accessorKind": "get"
              }
            ]
          },
          {
            "kind": "Var",
            "name": "ipv4",
            "printedName": "ipv4",
            "children": [
              {
                "kind": "TypeNominal",
                "name": "Optional",
                "printedName": "Swift.String?",
                "children": [
                  {
                    "kind": "TypeNominal",
                    "name": "String",
                    "printedName": "Swift.String",
                    "usr": "s:SS"
                  }
                ],
                "usr": "s:Sq"
              }
            ],
            "declKind": "Var",
            "usr": "s:7HttpDNS7DNSInfoV4ipv4SSSgvp",
            "mangledName": "$s7HttpDNS7DNSInfoV4ipv4SSSgvp",
            "moduleName": "HttpDNS",
            "isFromExtension": true,
            "accessors": [
              {
                "kind": "Accessor",
                "name": "Get",
                "printedName": "Get()",
                "children": [
                  {
                    "kind": "TypeNominal",
                    "name": "Optional",
                    "printedName": "Swift.String?",
                    "children": [
                      {
                        "kind": "TypeNominal",
                        "name": "String",
                        "printedName": "Swift.String",
                        "usr": "s:SS"
                      }
                    ],
                    "usr": "s:Sq"
                  }
                ],
                "declKind": "Accessor",
                "usr": "s:7HttpDNS7DNSInfoV4ipv4SSSgvg",
                "mangledName": "$s7HttpDNS7DNSInfoV4ipv4SSSgvg",
                "moduleName": "HttpDNS",
                "isFromExtension": true,
                "accessorKind": "get"
              }
            ]
          },
          {
            "kind": "Function",
            "name": "switchIpv4",
            "printedName": "switchIpv4()",
            "children": [
              {
                "kind": "TypeNominal",
                "name": "Optional",
                "printedName": "Swift.String?",
                "children": [
                  {
                    "kind": "TypeNominal",
                    "name": "String",
                    "printedName": "Swift.String",
                    "usr": "s:SS"
                  }
                ],
                "usr": "s:Sq"
              }
            ],
            "declKind": "Func",
            "usr": "s:7HttpDNS7DNSInfoV10switchIpv4SSSgyF",
            "mangledName": "$s7HttpDNS7DNSInfoV10switchIpv4SSSgyF",
            "moduleName": "HttpDNS",
            "declAttributes": [
              "Mutating"
            ],
            "isFromExtension": true,
            "funcSelfKind": "Mutating"
          }
        ],
        "declKind": "Struct",
        "usr": "s:7HttpDNS7DNSInfoV",
        "mangledName": "$s7HttpDNS7DNSInfoV",
        "moduleName": "HttpDNS",
        "declAttributes": [
          "AccessControl",
          "RawDocComment"
        ],
        "conformances": [
          {
            "kind": "Conformance",
            "name": "Decodable",
            "printedName": "Decodable",
            "usr": "s:Se",
            "mangledName": "$sSe"
          },
          {
            "kind": "Conformance",
            "name": "Encodable",
            "printedName": "Encodable",
            "usr": "s:SE",
            "mangledName": "$sSE"
          }
        ]
      },
      {
        "kind": "Import",
        "name": "Foundation",
        "printedName": "Foundation",
        "declKind": "Import",
        "moduleName": "HttpDNS",
        "declAttributes": [
          "RawDocComment"
        ]
      },
      {
        "kind": "Import",
        "name": "Combine",
        "printedName": "Combine",
        "declKind": "Import",
        "moduleName": "HttpDNS"
      },
      {
        "kind": "Import",
        "name": "Alamofire",
        "printedName": "Alamofire",
        "declKind": "Import",
        "moduleName": "HttpDNS"
      },
      {
        "kind": "Import",
        "name": "AWSCore",
        "printedName": "AWSCore",
        "declKind": "Import",
        "moduleName": "HttpDNS"
      },
      {
        "kind": "Import",
        "name": "CommonCrypto",
        "printedName": "CommonCrypto",
        "declKind": "Import",
        "moduleName": "HttpDNS"
      },
      {
        "kind": "TypeDecl",
        "name": "HttpDNSFetcherDelegate",
        "printedName": "HttpDNSFetcherDelegate",
        "children": [
          {
            "kind": "Function",
            "name": "dnsParseDidSuccess",
            "printedName": "dnsParseDidSuccess(domain:costTime:)",
            "children": [
              {
                "kind": "TypeNominal",
                "name": "Void",
                "printedName": "()"
              },
              {
                "kind": "TypeNominal",
                "name": "String",
                "printedName": "Swift.String",
                "usr": "s:SS"
              },
              {
                "kind": "TypeNominal",
                "name": "Double",
                "printedName": "Swift.Double",
                "usr": "s:Sd"
              }
            ],
            "declKind": "Func",
            "usr": "s:7HttpDNS0A18DNSFetcherDelegateP18dnsParseDidSuccess6domain8costTimeySS_SdtF",
            "mangledName": "$s7HttpDNS0A18DNSFetcherDelegateP18dnsParseDidSuccess6domain8costTimeySS_SdtF",
            "moduleName": "HttpDNS",
            "genericSig": "<τ_0_0 where τ_0_0 : HttpDNS.HttpDNSFetcherDelegate>",
            "sugared_genericSig": "<Self where Self : HttpDNS.HttpDNSFetcherDelegate>",
            "protocolReq": true,
            "reqNewWitnessTableEntry": true,
            "funcSelfKind": "NonMutating"
          },
          {
            "kind": "Function",
            "name": "dnsParseDidFail",
            "printedName": "dnsParseDidFail(domain:error:extraMessage:)",
            "children": [
              {
                "kind": "TypeNominal",
                "name": "Void",
                "printedName": "()"
              },
              {
                "kind": "TypeNominal",
                "name": "String",
                "printedName": "Swift.String",
                "usr": "s:SS"
              },
              {
                "kind": "TypeNominal",
                "name": "Error",
                "printedName": "any Swift.Error",
                "usr": "s:s5ErrorP"
              },
              {
                "kind": "TypeNominal",
                "name": "Optional",
                "printedName": "Swift.String?",
                "children": [
                  {
                    "kind": "TypeNominal",
                    "name": "String",
                    "printedName": "Swift.String",
                    "usr": "s:SS"
                  }
                ],
                "usr": "s:Sq"
              }
            ],
            "declKind": "Func",
            "usr": "s:7HttpDNS0A18DNSFetcherDelegateP15dnsParseDidFail6domain5error12extraMessageySS_s5Error_pSSSgtF",
            "mangledName": "$s7HttpDNS0A18DNSFetcherDelegateP15dnsParseDidFail6domain5error12extraMessageySS_s5Error_pSSSgtF",
            "moduleName": "HttpDNS",
            "genericSig": "<τ_0_0 where τ_0_0 : HttpDNS.HttpDNSFetcherDelegate>",
            "sugared_genericSig": "<Self where Self : HttpDNS.HttpDNSFetcherDelegate>",
            "protocolReq": true,
            "reqNewWitnessTableEntry": true,
            "funcSelfKind": "NonMutating"
          }
        ],
        "declKind": "Protocol",
        "usr": "s:7HttpDNS0A18DNSFetcherDelegateP",
        "mangledName": "$s7HttpDNS0A18DNSFetcherDelegateP",
        "moduleName": "HttpDNS",
        "genericSig": "<τ_0_0 : AnyObject>",
        "sugared_genericSig": "<Self : AnyObject>",
        "declAttributes": [
          "AccessControl"
        ]
      },
      {
        "kind": "TypeDecl",
        "name": "HttpDNSFetcher",
        "printedName": "HttpDNSFetcher",
        "children": [
          {
            "kind": "Function",
            "name": "refresh",
            "printedName": "refresh(domain:)",
            "children": [
              {
                "kind": "TypeNominal",
                "name": "Void",
                "printedName": "()"
              },
              {
                "kind": "TypeNominal",
                "name": "String",
                "printedName": "Swift.String",
                "usr": "s:SS"
              }
            ],
            "declKind": "Func",
            "usr": "s:7HttpDNS0A10DNSFetcherC7refresh6domainySS_tF",
            "mangledName": "$s7HttpDNS0A10DNSFetcherC7refresh6domainySS_tF",
            "moduleName": "HttpDNS",
            "declAttributes": [
              "AccessControl"
            ],
            "funcSelfKind": "NonMutating"
          },
          {
            "kind": "Function",
            "name": "publisherForDNSInfos",
            "printedName": "publisherForDNSInfos()",
            "children": [
              {
                "kind": "TypeNominal",
                "name": "AnyPublisher",
                "printedName": "Combine.AnyPublisher<[HttpDNS.DNSInfo], Swift.Never>",
                "children": [
                  {
                    "kind": "TypeNominal",
                    "name": "Array",
                    "printedName": "[HttpDNS.DNSInfo]",
                    "children": [
                      {
                        "kind": "TypeNominal",
                        "name": "DNSInfo",
                        "printedName": "HttpDNS.DNSInfo",
                        "usr": "s:7HttpDNS7DNSInfoV"
                      }
                    ],
                    "usr": "s:Sa"
                  },
                  {
                    "kind": "TypeNominal",
                    "name": "Never",
                    "printedName": "Swift.Never",
                    "usr": "s:s5NeverO"
                  }
                ],
                "usr": "s:7Combine12AnyPublisherV"
              }
            ],
            "declKind": "Func",
            "usr": "s:7HttpDNS0A10DNSFetcherC20publisherForDNSInfos7Combine12AnyPublisherVySayAA7DNSInfoVGs5NeverOGyF",
            "mangledName": "$s7HttpDNS0A10DNSFetcherC20publisherForDNSInfos7Combine12AnyPublisherVySayAA7DNSInfoVGs5NeverOGyF",
            "moduleName": "HttpDNS",
            "declAttributes": [
              "AccessControl"
            ],
            "funcSelfKind": "NonMutating"
          },
          {
            "kind": "Function",
            "name": "syncRefresh",
            "printedName": "syncRefresh(domains:)",
            "children": [
              {
                "kind": "TypeNominal",
                "name": "Optional",
                "printedName": "[HttpDNS.DNSInfo]?",
                "children": [
                  {
                    "kind": "TypeNominal",
                    "name": "Array",
                    "printedName": "[HttpDNS.DNSInfo]",
                    "children": [
                      {
                        "kind": "TypeNominal",
                        "name": "DNSInfo",
                        "printedName": "HttpDNS.DNSInfo",
                        "usr": "s:7HttpDNS7DNSInfoV"
                      }
                    ],
                    "usr": "s:Sa"
                  }
                ],
                "usr": "s:Sq"
              },
              {
                "kind": "TypeNominal",
                "name": "Array",
                "printedName": "[Swift.String]",
                "children": [
                  {
                    "kind": "TypeNominal",
                    "name": "String",
                    "printedName": "Swift.String",
                    "usr": "s:SS"
                  }
                ],
                "usr": "s:Sa"
              }
            ],
            "declKind": "Func",
            "usr": "s:7HttpDNS0A10DNSFetcherC11syncRefresh7domainsSayAA7DNSInfoVGSgSaySSG_tF",
            "mangledName": "$s7HttpDNS0A10DNSFetcherC11syncRefresh7domainsSayAA7DNSInfoVGSgSaySSG_tF",
            "moduleName": "HttpDNS",
            "declAttributes": [
              "AccessControl"
            ],
            "funcSelfKind": "NonMutating"
          },
          {
            "kind": "Var",
            "name": "delegate",
            "printedName": "delegate",
            "children": [
              {
                "kind": "TypeNominal",
                "name": "WeakStorage",
                "printedName": "(any HttpDNS.HttpDNSFetcherDelegate)?"
              }
            ],
            "declKind": "Var",
            "usr": "s:7HttpDNS0A10DNSFetcherC8delegateAA0aC8Delegate_pSgvp",
            "mangledName": "$s7HttpDNS0A10DNSFetcherC8delegateAA0aC8Delegate_pSgvp",
            "moduleName": "HttpDNS",
            "declAttributes": [
              "HasInitialValue",
              "HasStorage",
              "ReferenceOwnership",
              "AccessControl"
            ],
            "ownership": 1,
            "hasStorage": true,
            "accessors": [
              {
                "kind": "Accessor",
                "name": "Get",
                "printedName": "Get()",
                "children": [
                  {
                    "kind": "TypeNominal",
                    "name": "Optional",
                    "printedName": "(any HttpDNS.HttpDNSFetcherDelegate)?",
                    "children": [
                      {
                        "kind": "TypeNominal",
                        "name": "HttpDNSFetcherDelegate",
                        "printedName": "any HttpDNS.HttpDNSFetcherDelegate",
                        "usr": "s:7HttpDNS0A18DNSFetcherDelegateP"
                      }
                    ],
                    "usr": "s:Sq"
                  }
                ],
                "declKind": "Accessor",
                "usr": "s:7HttpDNS0A10DNSFetcherC8delegateAA0aC8Delegate_pSgvg",
                "mangledName": "$s7HttpDNS0A10DNSFetcherC8delegateAA0aC8Delegate_pSgvg",
                "moduleName": "HttpDNS",
                "implicit": true,
                "accessorKind": "get"
              },
              {
                "kind": "Accessor",
                "name": "Set",
                "printedName": "Set()",
                "children": [
                  {
                    "kind": "TypeNominal",
                    "name": "Void",
                    "printedName": "()"
                  },
                  {
                    "kind": "TypeNominal",
                    "name": "Optional",
                    "printedName": "(any HttpDNS.HttpDNSFetcherDelegate)?",
                    "children": [
                      {
                        "kind": "TypeNominal",
                        "name": "HttpDNSFetcherDelegate",
                        "printedName": "any HttpDNS.HttpDNSFetcherDelegate",
                        "usr": "s:7HttpDNS0A18DNSFetcherDelegateP"
                      }
                    ],
                    "usr": "s:Sq"
                  }
                ],
                "declKind": "Accessor",
                "usr": "s:7HttpDNS0A10DNSFetcherC8delegateAA0aC8Delegate_pSgvs",
                "mangledName": "$s7HttpDNS0A10DNSFetcherC8delegateAA0aC8Delegate_pSgvs",
                "moduleName": "HttpDNS",
                "implicit": true,
                "accessorKind": "set"
              },
              {
                "kind": "Accessor",
                "name": "Modify",
                "printedName": "Modify()",
                "children": [
                  {
                    "kind": "TypeNominal",
                    "name": "Void",
                    "printedName": "()"
                  }
                ],
                "declKind": "Accessor",
                "usr": "s:7HttpDNS0A10DNSFetcherC8delegateAA0aC8Delegate_pSgvM",
                "mangledName": "$s7HttpDNS0A10DNSFetcherC8delegateAA0aC8Delegate_pSgvM",
                "moduleName": "HttpDNS",
                "implicit": true,
                "accessorKind": "_modify"
              }
            ]
          },
          {
            "kind": "Constructor",
            "name": "init",
            "printedName": "init(identifier:)",
            "children": [
              {
                "kind": "TypeNominal",
                "name": "HttpDNSFetcher",
                "printedName": "HttpDNS.HttpDNSFetcher",
                "usr": "s:7HttpDNS0A10DNSFetcherC"
              },
              {
                "kind": "TypeNominal",
                "name": "String",
                "printedName": "Swift.String",
                "usr": "s:SS"
              }
            ],
            "declKind": "Constructor",
            "usr": "s:7HttpDNS0A10DNSFetcherC10identifierACSS_tcfc",
            "mangledName": "$s7HttpDNS0A10DNSFetcherC10identifierACSS_tcfc",
            "moduleName": "HttpDNS",
            "declAttributes": [
              "AccessControl"
            ],
            "init_kind": "Designated"
          }
        ],
        "declKind": "Class",
        "usr": "s:7HttpDNS0A10DNSFetcherC",
        "mangledName": "$s7HttpDNS0A10DNSFetcherC",
        "moduleName": "HttpDNS",
        "declAttributes": [
          "AccessControl"
        ]
      },
      {
        "kind": "Import",
        "name": "Foundation",
        "printedName": "Foundation",
        "declKind": "Import",
        "moduleName": "HttpDNS",
        "declAttributes": [
          "RawDocComment"
        ]
      },
      {
        "kind": "TypeDecl",
        "name": "HttpDNSLog",
        "printedName": "HttpDNSLog",
        "children": [
          {
            "kind": "Var",
            "name": "enabled",
            "printedName": "enabled",
            "children": [
              {
                "kind": "TypeNominal",
                "name": "Bool",
                "printedName": "Swift.Bool",
                "usr": "s:Sb"
              }
            ],
            "declKind": "Var",
            "usr": "s:7HttpDNS0A6DNSLogV7enabledSbvpZ",
            "mangledName": "$s7HttpDNS0A6DNSLogV7enabledSbvpZ",
            "moduleName": "HttpDNS",
            "static": true,
            "declAttributes": [
              "HasInitialValue",
              "HasStorage",
              "AccessControl"
            ],
            "hasStorage": true,
            "accessors": [
              {
                "kind": "Accessor",
                "name": "Get",
                "printedName": "Get()",
                "children": [
                  {
                    "kind": "TypeNominal",
                    "name": "Bool",
                    "printedName": "Swift.Bool",
                    "usr": "s:Sb"
                  }
                ],
                "declKind": "Accessor",
                "usr": "s:7HttpDNS0A6DNSLogV7enabledSbvgZ",
                "mangledName": "$s7HttpDNS0A6DNSLogV7enabledSbvgZ",
                "moduleName": "HttpDNS",
                "static": true,
                "implicit": true,
                "accessorKind": "get"
              },
              {
                "kind": "Accessor",
                "name": "Set",
                "printedName": "Set()",
                "children": [
                  {
                    "kind": "TypeNominal",
                    "name": "Void",
                    "printedName": "()"
                  },
                  {
                    "kind": "TypeNominal",
                    "name": "Bool",
                    "printedName": "Swift.Bool",
                    "usr": "s:Sb"
                  }
                ],
                "declKind": "Accessor",
                "usr": "s:7HttpDNS0A6DNSLogV7enabledSbvsZ",
                "mangledName": "$s7HttpDNS0A6DNSLogV7enabledSbvsZ",
                "moduleName": "HttpDNS",
                "static": true,
                "implicit": true,
                "accessorKind": "set"
              },
              {
                "kind": "Accessor",
                "name": "Modify",
                "printedName": "Modify()",
                "children": [
                  {
                    "kind": "TypeNominal",
                    "name": "Void",
                    "printedName": "()"
                  }
                ],
                "declKind": "Accessor",
                "usr": "s:7HttpDNS0A6DNSLogV7enabledSbvMZ",
                "mangledName": "$s7HttpDNS0A6DNSLogV7enabledSbvMZ",
                "moduleName": "HttpDNS",
                "static": true,
                "implicit": true,
                "accessorKind": "_modify"
              }
            ]
          }
        ],
        "declKind": "Struct",
        "usr": "s:7HttpDNS0A6DNSLogV",
        "mangledName": "$s7HttpDNS0A6DNSLogV",
        "moduleName": "HttpDNS",
        "declAttributes": [
          "AccessControl"
        ]
      }
    ],
    "json_format_version": 8
  },
  "ConstValues": [
    {
      "filePath": "\/Users\/kensou\/Code\/HttpDNS\/HttpDNS\/Classes\/DNSInfo.swift",
      "kind": "IntegerLiteral",
      "offset": 279,
      "length": 2,
      "value": "30"
    },
    {
      "filePath": "\/Users\/kensou\/Code\/HttpDNS\/HttpDNS\/Classes\/DNSInfo.swift",
      "kind": "IntegerLiteral",
      "offset": 284,
      "length": 2,
      "value": "60"
    },
    {
      "filePath": "\/Users\/kensou\/Code\/HttpDNS\/HttpDNS\/Classes\/DNSInfo.swift",
      "kind": "IntegerLiteral",
      "offset": 575,
      "length": 1,
      "value": "0"
    },
    {
      "filePath": "\/Users\/kensou\/Code\/HttpDNS\/HttpDNS\/Classes\/HttpDNSFetcher.swift",
      "kind": "Array",
      "offset": 1465,
      "length": 105,
      "value": "[\"https:\/\/52.223.29.205\", \"https:\/\/99.83.209.33\", \"https:\/\/103.150.251.71\"]"
    },
    {
      "filePath": "\/Users\/kensou\/Code\/HttpDNS\/HttpDNS\/Classes\/HttpDNSFetcher.swift",
      "kind": "StringLiteral",
      "offset": 1611,
      "length": 34,
      "value": "\"TX14MLG8Natm31zkswJZYTZ9oZVbyW06\""
    },
    {
      "filePath": "\/Users\/kensou\/Code\/HttpDNS\/HttpDNS\/Classes\/HttpDNSFetcher.swift",
      "kind": "BooleanLiteral",
      "offset": 2577,
      "length": 5,
      "value": "false"
    },
    {
      "filePath": "\/Users\/kensou\/Code\/HttpDNS\/HttpDNS\/Classes\/HttpDNSFetcher.swift",
      "kind": "Dictionary",
      "offset": 2596,
      "length": 3,
      "value": "[]"
    },
    {
      "filePath": "\/Users\/kensou\/Code\/HttpDNS\/HttpDNS\/Classes\/HttpDNSFetcher.swift",
      "kind": "IntegerLiteral",
      "offset": 2766,
      "length": 2,
      "value": "20"
    },
    {
      "filePath": "\/Users\/kensou\/Code\/HttpDNS\/HttpDNS\/Classes\/HttpDNSLog.swift",
      "kind": "BooleanLiteral",
      "offset": 124,
      "length": 5,
      "value": "false"
    }
  ]
}